Date,Rank_XP,User_Address,XP,ALP,PLP,EP,RP,VP,BP,EA_Flag
2024-11-03_17:11,192,0xdeaf42d4a2cc1dc14505ce4e4f59629aec253d75,35823856,22846607,0,26403758,2565986,1447064,11559200,1
2024-11-04_00:40,192,0xdeaf42d4a2cc1dc14505ce4e4f59629aec253d75,35823856,22846607,0,26403758,2565986,1447064,11559200,1
2024-11-05_00:37,192,0xdeaf42d4a2cc1dc14505ce4e4f59629aec253d75,36021861,22995576,0,26552727,2639428,1458156,11631519,1
2024-11-06_00:37,192,0xdeaf42d4a2cc1dc14505ce4e4f59629aec253d75,36082506,23061196,0,26618347,2668693,1462888,11639216,1
2024-11-07_00:37,192,0xdeaf42d4a2cc1dc14505ce4e4f59629aec253d75,36108722,23082518,0,26639669,2677534,1464393,11648599,1
2024-11-08_00:37,193,0xdeaf42d4a2cc1dc14505ce4e4f59629aec253d75,36182217,23157477,0,26714628,2713003,1469903,11660471,1
2024-11-09_00:37,193,0xdeaf42d4a2cc1dc14505ce4e4f59629aec253d75,36228784,23176545,0,26733696,2718905,1471149,11693104,1
2024-11-10_00:40,193,0xdeaf42d4a2cc1dc14505ce4e4f59629aec253d75,36276337,23234819,0,26791970,2729239,1474571,11702372,1
2024-11-11_00:39,193,0xdeaf42d4a2cc1dc14505ce4e4f59629aec253d75,36295177,23246074,0,26803225,2731188,1475228,11713843,1
2024-11-12_00:37,193,0xdeaf42d4a2cc1dc14505ce4e4f59629aec253d75,36353246,23301485,0,26858636,2740195,1478440,11735964,1
2024-11-13_00:38,193,0xdeaf42d4a2cc1dc14505ce4e4f59629aec253d75,36390088,23354719,0,26911870,2750056,1481584,11737594,1
2024-11-14_00:38,193,0xdeaf42d4a2cc1dc14505ce4e4f59629aec253d75,36434755,23363904,0,26921055,2751794,1482128,11776166,1
2024-11-15_00:40,211,0xdeaf42d4a2cc1dc14505ce4e4f59629aec253d75,37046176,23836093,0,27393244,3121698,1523041,11791801,1
2024-11-16_00:39,211,0xdeaf42d4a2cc1dc14505ce4e4f59629aec253d75,37078477,23849258,0,27406409,3124620,1523841,11815125,1
2024-11-17_00:43,212,0xdeaf42d4a2cc1dc14505ce4e4f59629aec253d75,37101479,23878374,0,27435525,3130627,1525590,11818526,1
2024-11-18_00:42,212,0xdeaf42d4a2cc1dc14505ce4e4f59629aec253d75,37128818,23892157,0,27449308,3133236,1526406,11836717,1
2024-11-19_00:40,212,0xdeaf42d4a2cc1dc14505ce4e4f59629aec253d75,37128818,23892157,0,27449308,3133236,1526406,11836717,1
2024-11-20_00:40,212,0xdeaf42d4a2cc1dc14505ce4e4f59629aec253d75,37128818,23892157,0,27449308,3133236,1526406,11836717,1
2024-11-21_00:40,225,0xdeaf42d4a2cc1dc14505ce4e4f59629aec253d75,37129489,23892157,0,27449308,3133637,1526424,11837166,1
2024-11-22_00:41,228,0xdeaf42d4a2cc1dc14505ce4e4f59629aec253d75,37326111,24163848,0,27720999,3199891,1543144,11845280,1
2024-11-23_00:39,228,0xdeaf42d4a2cc1dc14505ce4e4f59629aec253d75,37355246,24202586,0,27759737,3208739,1545511,11847862,1
2024-11-24_00:44,228,0xdeaf42d4a2cc1dc14505ce4e4f59629aec253d75,37395487,24255666,0,27812817,3218798,1548656,11852866,1
2024-11-25_00:42,228,0xdeaf42d4a2cc1dc14505ce4e4f59629aec253d75,37441275,24319613,0,27876764,3231843,1552493,11855690,1
2024-11-26_00:41,229,0xdeaf42d4a2cc1dc14505ce4e4f59629aec253d75,37472723,24361634,0,27918785,3240600,1555025,11858804,1
2024-11-27_00:41,229,0xdeaf42d4a2cc1dc14505ce4e4f59629aec253d75,37506382,24409762,0,27966913,3250105,1557897,11860302,1
2024-11-28_00:41,230,0xdeaf42d4a2cc1dc14505ce4e4f59629aec253d75,37506382,24409762,0,27966913,3250105,1557897,11860302,1
2024-11-29_00:41,230,0xdeaf42d4a2cc1dc14505ce4e4f59629aec253d75,37506382,24409762,0,27966913,3250105,1557897,11860302,1
2024-11-30_00:40,230,0xdeaf42d4a2cc1dc14505ce4e4f59629aec253d75,37506382,24409762,0,27966913,3250105,1557897,11860302,1
2024-12-01_00:51,230,0xdeaf42d4a2cc1dc14505ce4e4f59629aec253d75,37506382,24409762,0,27966913,3250105,1557897,11860302,1
2024-12-02_00:43,230,0xdeaf42d4a2cc1dc14505ce4e4f59629aec253d75,37506382,24409762,0,27966913,3250105,1557897,11860302,1
2024-12-03_00:42,230,0xdeaf42d4a2cc1dc14505ce4e4f59629aec253d75,37507265,24409762,0,27966913,3251692,1557969,11860302,1
2024-12-04_00:42,230,0xdeaf42d4a2cc1dc14505ce4e4f59629aec253d75,37507265,24409762,0,27966913,3251692,1557969,11860302,1
2024-12-06_00:42,230,0xdeaf42d4a2cc1dc14505ce4e4f59629aec253d75,37507265,24409762,0,27966913,3251692,1557969,11860302,1
2024-12-07_00:41,230,0xdeaf42d4a2cc1dc14505ce4e4f59629aec253d75,37507265,24409762,0,27966913,3251692,1557969,11860302,1
2024-12-08_00:46,230,0xdeaf42d4a2cc1dc14505ce4e4f59629aec253d75,37507265,24409762,0,27966913,3251692,1557969,11860302,1
2024-12-09_00:43,230,0xdeaf42d4a2cc1dc14505ce4e4f59629aec253d75,37507265,24409762,0,27966913,3251692,1557969,11860302,1
2024-12-10_00:43,230,0xdeaf42d4a2cc1dc14505ce4e4f59629aec253d75,37508148,24409762,0,27966913,3253279,1558041,11860302,1
2024-12-11_00:42,230,0xdeaf42d4a2cc1dc14505ce4e4f59629aec253d75,37508148,24409762,0,27966913,3253279,1558041,11860302,1
2024-12-12_00:42,230,0xdeaf42d4a2cc1dc14505ce4e4f59629aec253d75,37508148,24409762,0,27966913,3253279,1558041,11860302,1
2024-12-13_00:42,230,0xdeaf42d4a2cc1dc14505ce4e4f59629aec253d75,37508148,24409762,0,27966913,3253279,1558041,11860302,1
2024-12-14_00:41,230,0xdeaf42d4a2cc1dc14505ce4e4f59629aec253d75,37508148,24409762,0,27966913,3253279,1558041,11860302,1
2024-12-15_00:46,230,0xdeaf42d4a2cc1dc14505ce4e4f59629aec253d75,37508148,24409762,0,27966913,3253279,1558041,11860302,1
2024-12-16_00:44,230,0xdeaf42d4a2cc1dc14505ce4e4f59629aec253d75,37508148,24409762,0,27966913,3253279,1558041,11860302,1
2024-12-17_00:42,230,0xdeaf42d4a2cc1dc14505ce4e4f59629aec253d75,37508148,24409762,0,27966913,3253279,1558041,11860302,1
2024-12-18_00:40,230,0xdeaf42d4a2cc1dc14505ce4e4f59629aec253d75,37508148,24409762,0,27966913,3253279,1558041,11860302,1
2024-12-19_00:41,230,0xdeaf42d4a2cc1dc14505ce4e4f59629aec253d75,37508148,24409762,0,27966913,3253279,1558041,11860302,1
2024-12-20_00:38,230,0xdeaf42d4a2cc1dc14505ce4e4f59629aec253d75,37508148,24409762,0,27966913,3253279,1558041,11860302,1
2024-12-21_00:38,230,0xdeaf42d4a2cc1dc14505ce4e4f59629aec253d75,37508148,24409762,0,27966913,3253279,1558041,11860302,1
2024-12-22_00:42,230,0xdeaf42d4a2cc1dc14505ce4e4f59629aec253d75,37508148,24409762,0,27966913,3253279,1558041,11860302,1
2024-12-23_00:40,230,0xdeaf42d4a2cc1dc14505ce4e4f59629aec253d75,37508148,24409762,0,27966913,3253279,1558041,11860302,1
2024-12-24_00:38,230,0xdeaf42d4a2cc1dc14505ce4e4f59629aec253d75,37508148,24409762,0,27966913,3253279,1558041,11860302,1
2024-12-25_00:38,230,0xdeaf42d4a2cc1dc14505ce4e4f59629aec253d75,37508148,24409762,0,27966913,3253279,1558041,11860302,1
2024-12-26_00:38,230,0xdeaf42d4a2cc1dc14505ce4e4f59629aec253d75,37508148,24409762,0,27966913,3253279,1558041,11860302,1
2024-12-27_00:38,230,0xdeaf42d4a2cc1dc14505ce4e4f59629aec253d75,37508148,24409762,0,27966913,3253279,1558041,11860302,1
2024-12-28_00:37,230,0xdeaf42d4a2cc1dc14505ce4e4f59629aec253d75,37508148,24409762,0,27966913,3253279,1558041,11860302,1
2024-12-29_00:42,230,0xdeaf42d4a2cc1dc14505ce4e4f59629aec253d75,37508148,24409762,0,27966913,3253279,1558041,11860302,1
2024-12-30_00:40,230,0xdeaf42d4a2cc1dc14505ce4e4f59629aec253d75,37508148,24409762,0,27966913,3253279,1558041,11860302,1
2024-12-31_00:38,268,0xdeaf42d4a2cc1dc14505ce4e4f59629aec253d75,37508148,24409762,0,27966913,3253279,1558041,11860302,1
2025-01-01_00:42,268,0xdeaf42d4a2cc1dc14505ce4e4f59629aec253d75,37508148,24409762,0,27966913,3253279,1558041,11860302,1
2025-01-02_00:38,268,0xdeaf42d4a2cc1dc14505ce4e4f59629aec253d75,37508148,24409762,0,27966913,3253279,1558041,11860302,1
2025-01-03_00:38,268,0xdeaf42d4a2cc1dc14505ce4e4f59629aec253d75,37508148,24409762,0,27966913,3253279,1558041,11860302,1
2025-01-04_00:37,268,0xdeaf42d4a2cc1dc14505ce4e4f59629aec253d75,37508148,24409762,0,27966913,3253279,1558041,11860302,1
2025-01-05_00:42,268,0xdeaf42d4a2cc1dc14505ce4e4f59629aec253d75,37508148,24409762,0,27966913,3253279,1558041,11860302,1
2025-01-06_00:41,268,0xdeaf42d4a2cc1dc14505ce4e4f59629aec253d75,37508148,24409762,0,27966913,3253279,1558041,11860302,1
2025-01-07_00:39,268,0xdeaf42d4a2cc1dc14505ce4e4f59629aec253d75,37508148,24409762,0,27966913,3253279,1558041,11860302,1
2025-01-08_00:39,268,0xdeaf42d4a2cc1dc14505ce4e4f59629aec253d75,37508148,24409762,0,27966913,3253279,1558041,11860302,1
2025-01-09_00:39,268,0xdeaf42d4a2cc1dc14505ce4e4f59629aec253d75,37508148,24409762,0,27966913,3253279,1558041,11860302,1
2025-01-10_00:39,268,0xdeaf42d4a2cc1dc14505ce4e4f59629aec253d75,37508148,24409762,0,27966913,3253279,1558041,11860302,1
2025-01-11_00:39,268,0xdeaf42d4a2cc1dc14505ce4e4f59629aec253d75,37508148,24409762,0,27966913,3253279,1558041,11860302,1
2025-01-12_00:43,268,0xdeaf42d4a2cc1dc14505ce4e4f59629aec253d75,37508148,24409762,0,27966913,3253279,1558041,11860302,1
2025-01-13_00:41,268,0xdeaf42d4a2cc1dc14505ce4e4f59629aec253d75,37508148,24409762,0,27966913,3253279,1558041,11860302,1
2025-01-14_00:37,268,0xdeaf42d4a2cc1dc14505ce4e4f59629aec253d75,37508148,24409762,0,27966913,3253279,1558041,11860302,1
2025-01-15_00:38,268,0xdeaf42d4a2cc1dc14505ce4e4f59629aec253d75,37508148,24409762,0,27966913,3253279,1558041,11860302,1
2025-01-16_00:37,268,0xdeaf42d4a2cc1dc14505ce4e4f59629aec253d75,37508148,24409762,0,27966913,3253279,1558041,11860302,1
2025-01-17_00:37,268,0xdeaf42d4a2cc1dc14505ce4e4f59629aec253d75,37508148,24409762,0,27966913,3253279,1558041,11860302,1
2025-01-18_00:36,268,0xdeaf42d4a2cc1dc14505ce4e4f59629aec253d75,37508148,24409762,0,27966913,3253279,1558041,11860302,1
2025-01-19_00:41,268,0xdeaf42d4a2cc1dc14505ce4e4f59629aec253d75,37508148,24409762,0,27966913,3253279,1558041,11860302,1
2025-01-20_00:39,268,0xdeaf42d4a2cc1dc14505ce4e4f59629aec253d75,37508148,24409762,0,27966913,3253279,1558041,11860302,1
2025-01-21_00:37,268,0xdeaf42d4a2cc1dc14505ce4e4f59629aec253d75,37508148,24409762,0,27966913,3253279,1558041,11860302,1
2025-01-22_00:38,268,0xdeaf42d4a2cc1dc14505ce4e4f59629aec253d75,37508148,24409762,0,27966913,3253279,1558041,11860302,1
2025-01-23_00:38,268,0xdeaf42d4a2cc1dc14505ce4e4f59629aec253d75,37508148,24409762,0,27966913,3253279,1558041,11860302,1
2025-01-24_00:37,268,0xdeaf42d4a2cc1dc14505ce4e4f59629aec253d75,37508148,24409762,0,27966913,3253279,1558041,11860302,1
2025-01-25_00:37,268,0xdeaf42d4a2cc1dc14505ce4e4f59629aec253d75,37508148,24409762,0,27966913,3253279,1558041,11860302,1
2025-01-26_00:39,268,0xdeaf42d4a2cc1dc14505ce4e4f59629aec253d75,37508148,24409762,0,27966913,3253279,1558041,11860302,1
2025-01-27_00:39,268,0xdeaf42d4a2cc1dc14505ce4e4f59629aec253d75,37508148,24409762,0,27966913,3253279,1558041,11860302,1
2025-01-28_00:38,268,0xdeaf42d4a2cc1dc14505ce4e4f59629aec253d75,37508148,24409762,0,27966913,3253279,1558041,11860302,1
2025-01-29_00:38,268,0xdeaf42d4a2cc1dc14505ce4e4f59629aec253d75,37508148,24409762,0,27966913,3253279,1558041,11860302,1
2025-01-30_00:37,268,0xdeaf42d4a2cc1dc14505ce4e4f59629aec253d75,37508148,24409762,0,27966913,3253279,1558041,11860302,1
2025-01-31_00:38,268,0xdeaf42d4a2cc1dc14505ce4e4f59629aec253d75,37508148,24409762,0,27966913,3253279,1558041,11860302,1
2025-02-01_00:40,268,0xdeaf42d4a2cc1dc14505ce4e4f59629aec253d75,37508148,24409762,0,27966913,3253279,1558041,11860302,1
2025-02-02_00:40,268,0xdeaf42d4a2cc1dc14505ce4e4f59629aec253d75,37508148,24409762,0,27966913,3253279,1558041,11860302,1
2025-02-03_00:39,268,0xdeaf42d4a2cc1dc14505ce4e4f59629aec253d75,37508148,24409762,0,27966913,3253279,1558041,11860302,1
2025-02-04_00:38,268,0xdeaf42d4a2cc1dc14505ce4e4f59629aec253d75,37508148,24409762,0,27966913,3253279,1558041,11860302,1
2025-02-05_00:38,268,0xdeaf42d4a2cc1dc14505ce4e4f59629aec253d75,37508148,24409762,0,27966913,3253279,1558041,11860302,1
2025-02-06_00:38,268,0xdeaf42d4a2cc1dc14505ce4e4f59629aec253d75,37508148,24409762,0,27966913,3253279,1558041,11860302,1
2025-02-07_00:38,268,0xdeaf42d4a2cc1dc14505ce4e4f59629aec253d75,37508148,24409762,0,27966913,3253279,1558041,11860302,1
2025-02-08_00:37,268,0xdeaf42d4a2cc1dc14505ce4e4f59629aec253d75,37508148,24409762,0,27966913,3253279,1558041,11860302,1
2025-02-09_00:41,268,0xdeaf42d4a2cc1dc14505ce4e4f59629aec253d75,37508148,24409762,0,27966913,3253279,1558041,11860302,1
2025-02-10_00:39,268,0xdeaf42d4a2cc1dc14505ce4e4f59629aec253d75,37508148,24409762,0,27966913,3253279,1558041,11860302,1
2025-02-11_00:38,268,0xdeaf42d4a2cc1dc14505ce4e4f59629aec253d75,37508148,24409762,0,27966913,3253279,1558041,11860302,1
2025-02-12_00:38,268,0xdeaf42d4a2cc1dc14505ce4e4f59629aec253d75,37508148,24409762,0,27966913,3253279,1558041,11860302,1
2025-02-13_00:38,268,0xdeaf42d4a2cc1dc14505ce4e4f59629aec253d75,37508148,24409762,0,27966913,3253279,1558041,11860302,1
2025-02-14_00:38,268,0xdeaf42d4a2cc1dc14505ce4e4f59629aec253d75,37508148,24409762,0,27966913,3253279,1558041,11860302,1
2025-02-15_00:38,268,0xdeaf42d4a2cc1dc14505ce4e4f59629aec253d75,37508148,24409762,0,27966913,3253279,1558041,11860302,1
2025-02-16_00:42,268,0xdeaf42d4a2cc1dc14505ce4e4f59629aec253d75,37508148,24409762,0,27966913,3253279,1558041,11860302,1
2025-02-17_00:41,268,0xdeaf42d4a2cc1dc14505ce4e4f59629aec253d75,37508148,24409762,0,27966913,3253279,1558041,11860302,1
2025-02-18_00:38,268,0xdeaf42d4a2cc1dc14505ce4e4f59629aec253d75,37508148,24409762,0,27966913,3253279,1558041,11860302,1
2025-02-19_00:39,268,0xdeaf42d4a2cc1dc14505ce4e4f59629aec253d75,37508148,24409762,0,27966913,3253279,1558041,11860302,1
2025-02-20_00:39,268,0xdeaf42d4a2cc1dc14505ce4e4f59629aec253d75,37508148,24409762,0,27966913,3253279,1558041,11860302,1
2025-02-21_00:39,268,0xdeaf42d4a2cc1dc14505ce4e4f59629aec253d75,37508148,24409762,0,27966913,3253279,1558041,11860302,1
2025-02-22_00:37,268,0xdeaf42d4a2cc1dc14505ce4e4f59629aec253d75,37508148,24409762,0,27966913,3253279,1558041,11860302,1
2025-02-23_00:42,268,0xdeaf42d4a2cc1dc14505ce4e4f59629aec253d75,37508148,24409762,0,27966913,3253279,1558041,11860302,1
2025-02-24_00:40,268,0xdeaf42d4a2cc1dc14505ce4e4f59629aec253d75,37508148,24409762,0,27966913,3253279,1558041,11860302,1
2025-02-25_00:39,268,0xdeaf42d4a2cc1dc14505ce4e4f59629aec253d75,37508148,24409762,0,27966913,3253279,1558041,11860302,1
2025-02-26_00:39,268,0xdeaf42d4a2cc1dc14505ce4e4f59629aec253d75,37508148,24409762,0,27966913,3253279,1558041,11860302,1
2025-02-27_00:39,268,0xdeaf42d4a2cc1dc14505ce4e4f59629aec253d75,37508148,24409762,0,27966913,3253279,1558041,11860302,1
2025-02-28_00:39,268,0xdeaf42d4a2cc1dc14505ce4e4f59629aec253d75,37508148,24409762,0,27966913,3253279,1558041,11860302,1
2025-03-01_00:43,268,0xdeaf42d4a2cc1dc14505ce4e4f59629aec253d75,37508148,24409762,0,27966913,3253279,1558041,11860302,1
2025-03-02_00:42,268,0xdeaf42d4a2cc1dc14505ce4e4f59629aec253d75,37508148,24409762,0,27966913,3253279,1558041,11860302,1
2025-03-03_00:42,268,0xdeaf42d4a2cc1dc14505ce4e4f59629aec253d75,37508148,24409762,0,27966913,3253279,1558041,11860302,1
2025-03-04_00:40,268,0xdeaf42d4a2cc1dc14505ce4e4f59629aec253d75,37508148,24409762,0,27966913,3253279,1558041,11860302,1
2025-03-05_00:40,268,0xdeaf42d4a2cc1dc14505ce4e4f59629aec253d75,37508148,24409762,0,27966913,3253279,1558041,11860302,1
2025-03-06_00:40,268,0xdeaf42d4a2cc1dc14505ce4e4f59629aec253d75,37508148,24409762,0,27966913,3253279,1558041,11860302,1
2025-03-07_00:40,268,0xdeaf42d4a2cc1dc14505ce4e4f59629aec253d75,37508148,24409762,0,27966913,3253279,1558041,11860302,1
2025-03-08_00:32,268,0xdeaf42d4a2cc1dc14505ce4e4f59629aec253d75,37508148,24409762,0,27966913,3253279,1558041,11860302,1
2025-03-09_00:35,268,0xdeaf42d4a2cc1dc14505ce4e4f59629aec253d75,37508148,24409762,0,27966913,3253279,1558041,11860302,1
2025-03-10_00:34,268,0xdeaf42d4a2cc1dc14505ce4e4f59629aec253d75,37508148,24409762,0,27966913,3253279,1558041,11860302,1
2025-03-11_00:40,268,0xdeaf42d4a2cc1dc14505ce4e4f59629aec253d75,37508148,24409762,0,27966913,3253279,1558041,11860302,1
2025-03-12_00:40,268,0xdeaf42d4a2cc1dc14505ce4e4f59629aec253d75,37508148,24409762,0,27966913,3253279,1558041,11860302,1
2025-03-13_00:41,268,0xdeaf42d4a2cc1dc14505ce4e4f59629aec253d75,37508148,24409762,0,27966913,3253279,1558041,11860302,1
2025-03-14_00:40,268,0xdeaf42d4a2cc1dc14505ce4e4f59629aec253d75,37508148,24409762,0,27966913,3253279,1558041,11860302,1
2025-03-15_00:40,268,0xdeaf42d4a2cc1dc14505ce4e4f59629aec253d75,37508148,24409762,0,27966913,3253279,1558041,11860302,1
2025-03-16_00:44,268,0xdeaf42d4a2cc1dc14505ce4e4f59629aec253d75,37508148,24409762,0,27966913,3253279,1558041,11860302,1
2025-03-17_00:42,268,0xdeaf42d4a2cc1dc14505ce4e4f59629aec253d75,37508148,24409762,0,27966913,3253279,1558041,11860302,1
2025-03-18_00:40,268,0xdeaf42d4a2cc1dc14505ce4e4f59629aec253d75,37508148,24409762,0,27966913,3253279,1558041,11860302,1
2025-03-19_00:41,268,0xdeaf42d4a2cc1dc14505ce4e4f59629aec253d75,37508148,24409762,0,27966913,3253279,1558041,11860302,1
2025-03-20_00:40,268,0xdeaf42d4a2cc1dc14505ce4e4f59629aec253d75,37508148,24409762,0,27966913,3253279,1558041,11860302,1
2025-03-21_00:41,268,0xdeaf42d4a2cc1dc14505ce4e4f59629aec253d75,37508148,24409762,0,27966913,3253279,1558041,11860302,1
2025-03-22_00:40,268,0xdeaf42d4a2cc1dc14505ce4e4f59629aec253d75,37508148,24409762,0,27966913,3253279,1558041,11860302,1
2025-03-23_00:44,268,0xdeaf42d4a2cc1dc14505ce4e4f59629aec253d75,37508148,24409762,0,27966913,3253279,1558041,11860302,1
2025-03-24_00:43,268,0xdeaf42d4a2cc1dc14505ce4e4f59629aec253d75,37508148,24409762,0,27966913,3253279,1558041,11860302,1
2025-03-25_00:42,268,0xdeaf42d4a2cc1dc14505ce4e4f59629aec253d75,37508148,24409762,0,27966913,3253279,1558041,11860302,1
2025-03-26_00:41,268,0xdeaf42d4a2cc1dc14505ce4e4f59629aec253d75,37508148,24409762,0,27966913,3253279,1558041,11860302,1
2025-03-27_00:41,268,0xdeaf42d4a2cc1dc14505ce4e4f59629aec253d75,37508148,24409762,0,27966913,3253279,1558041,11860302,1
2025-03-28_00:41,268,0xdeaf42d4a2cc1dc14505ce4e4f59629aec253d75,37508148,24409762,0,27966913,3253279,1558041,11860302,1
2025-03-29_00:41,268,0xdeaf42d4a2cc1dc14505ce4e4f59629aec253d75,37508148,24409762,0,27966913,3253279,1558041,11860302,1
2025-03-30_00:45,268,0xdeaf42d4a2cc1dc14505ce4e4f59629aec253d75,37508148,24409762,0,27966913,3253279,1558041,11860302,1
2025-03-31_00:44,268,0xdeaf42d4a2cc1dc14505ce4e4f59629aec253d75,37508148,24409762,0,27966913,3253279,1558041,11860302,1
2025-04-01_00:49,268,0xdeaf42d4a2cc1dc14505ce4e4f59629aec253d75,37508148,24409762,0,27966913,3253279,1558041,11860302,1
2025-04-02_00:42,268,0xdeaf42d4a2cc1dc14505ce4e4f59629aec253d75,37508148,24409762,0,27966913,3253279,1558041,11860302,1
2025-04-03_00:41,268,0xdeaf42d4a2cc1dc14505ce4e4f59629aec253d75,37508148,24409762,0,27966913,3253279,1558041,11860302,1
2025-04-04_00:41,268,0xdeaf42d4a2cc1dc14505ce4e4f59629aec253d75,37508148,24409762,0,27966913,3253279,1558041,11860302,1
2025-04-05_00:41,268,0xdeaf42d4a2cc1dc14505ce4e4f59629aec253d75,37508148,24409762,0,27966913,3253279,1558041,11860302,1
2025-04-06_00:45,268,0xdeaf42d4a2cc1dc14505ce4e4f59629aec253d75,37508148,24409762,0,27966913,3253279,1558041,11860302,1
2025-04-07_00:43,268,0xdeaf42d4a2cc1dc14505ce4e4f59629aec253d75,37508148,24409762,0,27966913,3253279,1558041,11860302,1
2025-04-08_00:41,268,0xdeaf42d4a2cc1dc14505ce4e4f59629aec253d75,37508148,24409762,0,27966913,3253279,1558041,11860302,1
2025-04-09_00:42,268,0xdeaf42d4a2cc1dc14505ce4e4f59629aec253d75,37508148,24409762,0,27966913,3253279,1558041,11860302,1
2025-04-10_00:42,268,0xdeaf42d4a2cc1dc14505ce4e4f59629aec253d75,37508148,24409762,0,27966913,3253279,1558041,11860302,1
2025-04-11_00:42,268,0xdeaf42d4a2cc1dc14505ce4e4f59629aec253d75,37508148,24409762,0,27966913,3253279,1558041,11860302,1
2025-04-12_00:41,268,0xdeaf42d4a2cc1dc14505ce4e4f59629aec253d75,37508148,24409762,0,27966913,3253279,1558041,11860302,1
2025-04-13_02:09,268,0xdeaf42d4a2cc1dc14505ce4e4f59629aec253d75,37508148,24409762,0,27966913,3253279,1558041,11860302,1
2025-04-14_00:45,268,0xdeaf42d4a2cc1dc14505ce4e4f59629aec253d75,37508148,24409762,0,27966913,3253279,1558041,11860302,1
2025-04-15_00:43,268,0xdeaf42d4a2cc1dc14505ce4e4f59629aec253d75,37508148,24409762,0,27966913,3253279,1558041,11860302,1
2025-04-16_00:43,268,0xdeaf42d4a2cc1dc14505ce4e4f59629aec253d75,37508148,24409762,0,27966913,3253279,1558041,11860302,1
2025-04-17_00:42,268,0xdeaf42d4a2cc1dc14505ce4e4f59629aec253d75,37508148,24409762,0,27966913,3253279,1558041,11860302,1
2025-04-18_00:42,268,0xdeaf42d4a2cc1dc14505ce4e4f59629aec253d75,37508148,24409762,0,27966913,3253279,1558041,11860302,1
2025-04-19_00:40,268,0xdeaf42d4a2cc1dc14505ce4e4f59629aec253d75,37508148,24409762,0,27966913,3253279,1558041,11860302,1
2025-04-20_00:47,268,0xdeaf42d4a2cc1dc14505ce4e4f59629aec253d75,37508148,24409762,0,27966913,3253279,1558041,11860302,1
2025-04-21_00:46,268,0xdeaf42d4a2cc1dc14505ce4e4f59629aec253d75,37508148,24409762,0,27966913,3253279,1558041,11860302,1
2025-04-22_00:43,268,0xdeaf42d4a2cc1dc14505ce4e4f59629aec253d75,37508148,24409762,0,27966913,3253279,1558041,11860302,1
2025-04-23_00:43,268,0xdeaf42d4a2cc1dc14505ce4e4f59629aec253d75,37508148,24409762,0,27966913,3253279,1558041,11860302,1
2025-04-24_00:43,268,0xdeaf42d4a2cc1dc14505ce4e4f59629aec253d75,37508148,24409762,0,27966913,3253279,1558041,11860302,1
2025-04-25_00:43,268,0xdeaf42d4a2cc1dc14505ce4e4f59629aec253d75,37508148,24409762,0,27966913,3253279,1558041,11860302,1
2025-04-26_00:42,268,0xdeaf42d4a2cc1dc14505ce4e4f59629aec253d75,37508148,24409762,0,27966913,3253279,1558041,11860302,1
2025-04-27_00:47,268,0xdeaf42d4a2cc1dc14505ce4e4f59629aec253d75,37508148,24409762,0,27966913,3253279,1558041,11860302,1
2025-04-28_00:45,268,0xdeaf42d4a2cc1dc14505ce4e4f59629aec253d75,37508148,24409762,0,27966913,3253279,1558041,11860302,1
2025-04-29_00:43,268,0xdeaf42d4a2cc1dc14505ce4e4f59629aec253d75,37508148,24409762,0,27966913,3253279,1558041,11860302,1
2025-04-30_00:43,268,0xdeaf42d4a2cc1dc14505ce4e4f59629aec253d75,37508148,24409762,0,27966913,3253279,1558041,11860302,1
2025-05-01_00:50,268,0xdeaf42d4a2cc1dc14505ce4e4f59629aec253d75,37508148,24409762,0,27966913,3253279,1558041,11860302,1
2025-05-02_00:44,268,0xdeaf42d4a2cc1dc14505ce4e4f59629aec253d75,37508148,24409762,0,27966913,3253279,1558041,11860302,1
2025-05-03_00:42,268,0xdeaf42d4a2cc1dc14505ce4e4f59629aec253d75,37508148,24409762,0,27966913,3253279,1558041,11860302,1
2025-05-04_00:50,268,0xdeaf42d4a2cc1dc14505ce4e4f59629aec253d75,37508148,24409762,0,27966913,3253279,1558041,11860302,1
2025-05-05_00:47,268,0xdeaf42d4a2cc1dc14505ce4e4f59629aec253d75,37508148,24409762,0,27966913,3253279,1558041,11860302,1
2025-05-06_00:44,268,0xdeaf42d4a2cc1dc14505ce4e4f59629aec253d75,37508148,24409762,0,27966913,3253279,1558041,11860302,1
2025-05-07_00:44,268,0xdeaf42d4a2cc1dc14505ce4e4f59629aec253d75,37508148,24409762,0,27966913,3253279,1558041,11860302,1
2025-05-08_00:44,268,0xdeaf42d4a2cc1dc14505ce4e4f59629aec253d75,37508148,24409762,0,27966913,3253279,1558041,11860302,1
2025-05-09_00:44,268,0xdeaf42d4a2cc1dc14505ce4e4f59629aec253d75,37508148,24409762,0,27966913,3253279,1558041,11860302,1
2025-05-10_00:42,268,0xdeaf42d4a2cc1dc14505ce4e4f59629aec253d75,37508148,24409762,0,27966913,3253279,1558041,11860302,1
2025-05-11_00:48,268,0xdeaf42d4a2cc1dc14505ce4e4f59629aec253d75,37508148,24409762,0,27966913,3253279,1558041,11860302,1
2025-05-12_00:47,268,0xdeaf42d4a2cc1dc14505ce4e4f59629aec253d75,37508148,24409762,0,27966913,3253279,1558041,11860302,1
2025-05-13_00:44,268,0xdeaf42d4a2cc1dc14505ce4e4f59629aec253d75,37508148,24409762,0,27966913,3253279,1558041,11860302,1
2025-05-14_00:44,268,0xdeaf42d4a2cc1dc14505ce4e4f59629aec253d75,37508148,24409762,0,27966913,3253279,1558041,11860302,1
2025-05-15_00:43,268,0xdeaf42d4a2cc1dc14505ce4e4f59629aec253d75,37508148,24409762,0,27966913,3253279,1558041,11860302,1
2025-05-16_00:45,268,0xdeaf42d4a2cc1dc14505ce4e4f59629aec253d75,37508148,24409762,0,27966913,3253279,1558041,11860302,1
2025-05-17_00:43,268,0xdeaf42d4a2cc1dc14505ce4e4f59629aec253d75,37508148,24409762,0,27966913,3253279,1558041,11860302,1
2025-05-18_00:49,268,0xdeaf42d4a2cc1dc14505ce4e4f59629aec253d75,37508148,24409762,0,27966913,3253279,1558041,11860302,1
2025-05-19_00:48,268,0xdeaf42d4a2cc1dc14505ce4e4f59629aec253d75,37508148,24409762,0,27966913,3253279,1558041,11860302,1
2025-05-20_00:46,268,0xdeaf42d4a2cc1dc14505ce4e4f59629aec253d75,37508148,24409762,0,27966913,3253279,1558041,11860302,1
2025-05-21_00:45,268,0xdeaf42d4a2cc1dc14505ce4e4f59629aec253d75,37508148,24409762,0,27966913,3253279,1558041,11860302,1
2025-05-22_00:44,268,0xdeaf42d4a2cc1dc14505ce4e4f59629aec253d75,37508148,24409762,0,27966913,3253279,1558041,11860302,1
2025-05-23_00:44,268,0xdeaf42d4a2cc1dc14505ce4e4f59629aec253d75,37508148,24409762,0,27966913,3253279,1558041,11860302,1
2025-05-24_00:42,268,0xdeaf42d4a2cc1dc14505ce4e4f59629aec253d75,37508148,24409762,0,27966913,3253279,1558041,11860302,1
2025-05-25_00:51,268,0xdeaf42d4a2cc1dc14505ce4e4f59629aec253d75,37508148,24409762,0,27966913,3253279,1558041,11860302,1
2025-05-26_00:46,268,0xdeaf42d4a2cc1dc14505ce4e4f59629aec253d75,37508148,24409762,0,27966913,3253279,1558041,11860302,1
2025-05-27_00:44,268,0xdeaf42d4a2cc1dc14505ce4e4f59629aec253d75,37508148,24409762,0,27966913,3253279,1558041,11860302,1
2025-05-28_00:45,268,0xdeaf42d4a2cc1dc14505ce4e4f59629aec253d75,37508148,24409762,0,27966913,3253279,1558041,11860302,1
2025-05-29_00:45,268,0xdeaf42d4a2cc1dc14505ce4e4f59629aec253d75,37508148,24409762,0,27966913,3253279,1558041,11860302,1
2025-05-30_00:44,268,0xdeaf42d4a2cc1dc14505ce4e4f59629aec253d75,37508148,24409762,0,27966913,3253279,1558041,11860302,1
2025-05-31_00:43,268,0xdeaf42d4a2cc1dc14505ce4e4f59629aec253d75,37508148,24409762,0,27966913,3253279,1558041,11860302,1
2025-06-01_00:57,268,0xdeaf42d4a2cc1dc14505ce4e4f59629aec253d75,37508148,24409762,0,27966913,3253279,1558041,11860302,1
2025-06-02_00:49,268,0xdeaf42d4a2cc1dc14505ce4e4f59629aec253d75,37508148,24409762,0,27966913,3253279,1558041,11860302,1
2025-06-03_00:46,268,0xdeaf42d4a2cc1dc14505ce4e4f59629aec253d75,37508148,24409762,0,27966913,3253279,1558041,11860302,1
2025-06-04_00:46,268,0xdeaf42d4a2cc1dc14505ce4e4f59629aec253d75,37508148,24409762,0,27966913,3253279,1558041,11860302,1
2025-06-05_00:45,268,0xdeaf42d4a2cc1dc14505ce4e4f59629aec253d75,37508148,24409762,0,27966913,3253279,1558041,11860302,1
2025-06-06_00:45,268,0xdeaf42d4a2cc1dc14505ce4e4f59629aec253d75,37508148,24409762,0,27966913,3253279,1558041,11860302,1
2025-06-07_00:45,268,0xdeaf42d4a2cc1dc14505ce4e4f59629aec253d75,37508148,24409762,0,27966913,3253279,1558041,11860302,1
2025-06-08_00:52,268,0xdeaf42d4a2cc1dc14505ce4e4f59629aec253d75,37508148,24409762,0,27966913,3253279,1558041,11860302,1
2025-06-09_00:50,268,0xdeaf42d4a2cc1dc14505ce4e4f59629aec253d75,37508148,24409762,0,27966913,3253279,1558041,11860302,1
2025-06-10_00:46,268,0xdeaf42d4a2cc1dc14505ce4e4f59629aec253d75,37508148,24409762,0,27966913,3253279,1558041,11860302,1
2025-06-11_00:46,268,0xdeaf42d4a2cc1dc14505ce4e4f59629aec253d75,37508148,24409762,0,27966913,3253279,1558041,11860302,1
2025-06-12_00:45,268,0xdeaf42d4a2cc1dc14505ce4e4f59629aec253d75,37508148,24409762,0,27966913,3253279,1558041,11860302,1
2025-06-13_00:46,268,0xdeaf42d4a2cc1dc14505ce4e4f59629aec253d75,37508148,24409762,0,27966913,3253279,1558041,11860302,1
2025-06-14_00:44,268,0xdeaf42d4a2cc1dc14505ce4e4f59629aec253d75,37508148,24409762,0,27966913,3253279,1558041,11860302,1
2025-06-15_00:52,268,0xdeaf42d4a2cc1dc14505ce4e4f59629aec253d75,37508148,24409762,0,27966913,3253279,1558041,11860302,1
2025-06-16_00:49,268,0xdeaf42d4a2cc1dc14505ce4e4f59629aec253d75,37508148,24409762,0,27966913,3253279,1558041,11860302,1
2025-06-17_00:46,268,0xdeaf42d4a2cc1dc14505ce4e4f59629aec253d75,37508148,24409762,0,27966913,3253279,1558041,11860302,1
2025-06-18_00:46,268,0xdeaf42d4a2cc1dc14505ce4e4f59629aec253d75,37508148,24409762,0,27966913,3253279,1558041,11860302,1
2025-06-19_00:46,268,0xdeaf42d4a2cc1dc14505ce4e4f59629aec253d75,37508148,24409762,0,27966913,3253279,1558041,11860302,1
2025-06-20_00:46,268,0xdeaf42d4a2cc1dc14505ce4e4f59629aec253d75,37508148,24409762,0,27966913,3253279,1558041,11860302,1
2025-06-21_00:45,268,0xdeaf42d4a2cc1dc14505ce4e4f59629aec253d75,37508148,24409762,0,27966913,3253279,1558041,11860302,1
2025-06-22_00:52,268,0xdeaf42d4a2cc1dc14505ce4e4f59629aec253d75,37508148,24409762,0,27966913,3253279,1558041,11860302,1
2025-06-23_00:51,268,0xdeaf42d4a2cc1dc14505ce4e4f59629aec253d75,37508148,24409762,0,27966913,3253279,1558041,11860302,1
2025-06-24_00:47,268,0xdeaf42d4a2cc1dc14505ce4e4f59629aec253d75,37508148,24409762,0,27966913,3253279,1558041,11860302,1
2025-06-25_00:47,268,0xdeaf42d4a2cc1dc14505ce4e4f59629aec253d75,37508148,24409762,0,27966913,3253279,1558041,11860302,1
2025-06-26_00:46,268,0xdeaf42d4a2cc1dc14505ce4e4f59629aec253d75,37508148,24409762,0,27966913,3253279,1558041,11860302,1
2025-06-27_00:47,268,0xdeaf42d4a2cc1dc14505ce4e4f59629aec253d75,37508148,24409762,0,27966913,3253279,1558041,11860302,1
2025-06-28_00:45,268,0xdeaf42d4a2cc1dc14505ce4e4f59629aec253d75,37508148,24409762,0,27966913,3253279,1558041,11860302,1
2025-06-29_00:53,268,0xdeaf42d4a2cc1dc14505ce4e4f59629aec253d75,37508148,24409762,0,27966913,3253279,1558041,11860302,1
2025-06-30_00:51,268,0xdeaf42d4a2cc1dc14505ce4e4f59629aec253d75,37508148,24409762,0,27966913,3253279,1558041,11860302,1
2025-07-01_00:54,268,0xdeaf42d4a2cc1dc14505ce4e4f59629aec253d75,37508148,24409762,0,27966913,3253279,1558041,11860302,1
2025-07-02_00:47,268,0xdeaf42d4a2cc1dc14505ce4e4f59629aec253d75,37508148,24409762,0,27966913,3253279,1558041,11860302,1
2025-07-03_00:47,268,0xdeaf42d4a2cc1dc14505ce4e4f59629aec253d75,37508148,24409762,0,27966913,3253279,1558041,11860302,1
2025-07-04_00:46,268,0xdeaf42d4a2cc1dc14505ce4e4f59629aec253d75,37508148,24409762,0,27966913,3253279,1558041,11860302,1
2025-07-05_00:44,268,0xdeaf42d4a2cc1dc14505ce4e4f59629aec253d75,37508148,24409762,0,27966913,3253279,1558041,11860302,1
2025-07-06_00:53,268,0xdeaf42d4a2cc1dc14505ce4e4f59629aec253d75,37508148,24409762,0,27966913,3253279,1558041,11860302,1
2025-07-07_00:51,268,0xdeaf42d4a2cc1dc14505ce4e4f59629aec253d75,37508148,24409762,0,27966913,3253279,1558041,11860302,1
2025-07-08_00:46,268,0xdeaf42d4a2cc1dc14505ce4e4f59629aec253d75,37508148,24409762,0,27966913,3253279,1558041,11860302,1
2025-07-09_00:48,268,0xdeaf42d4a2cc1dc14505ce4e4f59629aec253d75,37508148,24409762,0,27966913,3253279,1558041,11860302,1
2025-07-10_00:47,268,0xdeaf42d4a2cc1dc14505ce4e4f59629aec253d75,37508148,24409762,0,27966913,3253279,1558041,11860302,1
2025-07-11_00:49,268,0xdeaf42d4a2cc1dc14505ce4e4f59629aec253d75,37508148,24409762,0,27966913,3253279,1558041,11860302,1
2025-07-12_00:50,268,0xdeaf42d4a2cc1dc14505ce4e4f59629aec253d75,37508148,24409762,0,27966913,3253279,1558041,11860302,1
2025-07-13_00:54,268,0xdeaf42d4a2cc1dc14505ce4e4f59629aec253d75,37508148,24409762,0,27966913,3253279,1558041,11860302,1
2025-07-14_00:52,268,0xdeaf42d4a2cc1dc14505ce4e4f59629aec253d75,37508148,24409762,0,27966913,3253279,1558041,11860302,1
2025-07-15_00:51,268,0xdeaf42d4a2cc1dc14505ce4e4f59629aec253d75,37508148,24409762,0,27966913,3253279,1558041,11860302,1
2025-07-16_00:50,268,0xdeaf42d4a2cc1dc14505ce4e4f59629aec253d75,37508148,24409762,0,27966913,3253279,1558041,11860302,1
2025-07-17_00:50,268,0xdeaf42d4a2cc1dc14505ce4e4f59629aec253d75,37508148,24409762,0,27966913,3253279,1558041,11860302,1
2025-07-18_00:49,268,0xdeaf42d4a2cc1dc14505ce4e4f59629aec253d75,37508148,24409762,0,27966913,3253279,1558041,11860302,1
2025-07-19_00:48,268,0xdeaf42d4a2cc1dc14505ce4e4f59629aec253d75,37508148,24409762,0,27966913,3253279,1558041,11860302,1
2025-07-20_00:55,268,0xdeaf42d4a2cc1dc14505ce4e4f59629aec253d75,37508148,24409762,0,27966913,3253279,1558041,11860302,1
2025-07-21_00:53,268,0xdeaf42d4a2cc1dc14505ce4e4f59629aec253d75,37508148,24409762,0,27966913,3253279,1558041,11860302,1
2025-07-22_00:50,268,0xdeaf42d4a2cc1dc14505ce4e4f59629aec253d75,37508148,24409762,0,27966913,3253279,1558041,11860302,1
2025-07-23_00:51,268,0xdeaf42d4a2cc1dc14505ce4e4f59629aec253d75,37508148,24409762,0,27966913,3253279,1558041,11860302,1
2025-07-24_00:50,268,0xdeaf42d4a2cc1dc14505ce4e4f59629aec253d75,37508148,24409762,0,27966913,3253279,1558041,11860302,1
2025-07-25_00:50,268,0xdeaf42d4a2cc1dc14505ce4e4f59629aec253d75,37508148,24409762,0,27966913,3253279,1558041,11860302,1
2025-07-26_00:48,268,0xdeaf42d4a2cc1dc14505ce4e4f59629aec253d75,37508148,24409762,0,27966913,3253279,1558041,11860302,1
2025-07-27_00:55,268,0xdeaf42d4a2cc1dc14505ce4e4f59629aec253d75,37508148,24409762,0,27966913,3253279,1558041,11860302,1
2025-07-28_00:54,268,0xdeaf42d4a2cc1dc14505ce4e4f59629aec253d75,37508148,24409762,0,27966913,3253279,1558041,11860302,1
2025-07-29_00:55,268,0xdeaf42d4a2cc1dc14505ce4e4f59629aec253d75,37508148,24409762,0,27966913,3253279,1558041,11860302,1
2025-07-30_00:51,268,0xdeaf42d4a2cc1dc14505ce4e4f59629aec253d75,37508148,24409762,0,27966913,3253279,1558041,11860302,1
2025-07-31_00:51,268,0xdeaf42d4a2cc1dc14505ce4e4f59629aec253d75,37508148,24409762,0,27966913,3253279,1558041,11860302,1
2025-08-01_00:57,268,0xdeaf42d4a2cc1dc14505ce4e4f59629aec253d75,37508148,24409762,0,27966913,3253279,1558041,11860302,1
2025-08-02_00:48,268,0xdeaf42d4a2cc1dc14505ce4e4f59629aec253d75,37508148,24409762,0,27966913,3253279,1558041,11860302,1
2025-08-03_00:56,268,0xdeaf42d4a2cc1dc14505ce4e4f59629aec253d75,37508148,24409762,0,27966913,3253279,1558041,11860302,1
2025-08-04_00:55,268,0xdeaf42d4a2cc1dc14505ce4e4f59629aec253d75,37508148,24409762,0,27966913,3253279,1558041,11860302,1
2025-08-05_00:52,268,0xdeaf42d4a2cc1dc14505ce4e4f59629aec253d75,37508148,24409762,0,27966913,3253279,1558041,11860302,1
2025-08-06_00:51,268,0xdeaf42d4a2cc1dc14505ce4e4f59629aec253d75,37508148,24409762,0,27966913,3253279,1558041,11860302,1
2025-08-07_00:52,268,0xdeaf42d4a2cc1dc14505ce4e4f59629aec253d75,37508148,24409762,0,27966913,3253279,1558041,11860302,1
2025-08-08_00:52,268,0xdeaf42d4a2cc1dc14505ce4e4f59629aec253d75,37508148,24409762,0,27966913,3253279,1558041,11860302,1
2025-08-09_00:45,268,0xdeaf42d4a2cc1dc14505ce4e4f59629aec253d75,37508148,24409762,0,27966913,3253279,1558041,11860302,1
2025-08-10_00:55,268,0xdeaf42d4a2cc1dc14505ce4e4f59629aec253d75,37508148,24409762,0,27966913,3253279,1558041,11860302,1
2025-08-11_00:53,268,0xdeaf42d4a2cc1dc14505ce4e4f59629aec253d75,37508148,24409762,0,27966913,3253279,1558041,11860302,1
2025-08-12_00:46,268,0xdeaf42d4a2cc1dc14505ce4e4f59629aec253d75,37508148,24409762,0,27966913,3253279,1558041,11860302,1
2025-08-13_00:47,268,0xdeaf42d4a2cc1dc14505ce4e4f59629aec253d75,37508148,24409762,0,27966913,3253279,1558041,11860302,1
2025-08-14_00:47,268,0xdeaf42d4a2cc1dc14505ce4e4f59629aec253d75,37508148,24409762,0,27966913,3253279,1558041,11860302,1
2025-08-15_00:48,268,0xdeaf42d4a2cc1dc14505ce4e4f59629aec253d75,37508148,24409762,0,27966913,3253279,1558041,11860302,1
2025-08-16_00:44,268,0xdeaf42d4a2cc1dc14505ce4e4f59629aec253d75,37508148,24409762,0,27966913,3253279,1558041,11860302,1
2025-08-17_00:52,268,0xdeaf42d4a2cc1dc14505ce4e4f59629aec253d75,37508148,24409762,0,27966913,3253279,1558041,11860302,1
2025-08-18_00:52,268,0xdeaf42d4a2cc1dc14505ce4e4f59629aec253d75,37508148,24409762,0,27966913,3253279,1558041,11860302,1
2025-08-19_00:45,268,0xdeaf42d4a2cc1dc14505ce4e4f59629aec253d75,37508148,24409762,0,27966913,3253279,1558041,11860302,1
2025-08-20_00:43,268,0xdeaf42d4a2cc1dc14505ce4e4f59629aec253d75,37508148,24409762,0,27966913,3253279,1558041,11860302,1
2025-08-21_00:42,268,0xdeaf42d4a2cc1dc14505ce4e4f59629aec253d75,37508148,24409762,0,27966913,3253279,1558041,11860302,1
2025-08-22_00:43,268,0xdeaf42d4a2cc1dc14505ce4e4f59629aec253d75,37508148,24409762,0,27966913,3253279,1558041,11860302,1
2025-08-23_00:42,268,0xdeaf42d4a2cc1dc14505ce4e4f59629aec253d75,37508148,24409762,0,27966913,3253279,1558041,11860302,1
2025-08-24_00:50,268,0xdeaf42d4a2cc1dc14505ce4e4f59629aec253d75,37508148,24409762,0,27966913,3253279,1558041,11860302,1
2025-08-25_00:46,268,0xdeaf42d4a2cc1dc14505ce4e4f59629aec253d75,37508148,24409762,0,27966913,3253279,1558041,11860302,1
2025-08-26_00:44,268,0xdeaf42d4a2cc1dc14505ce4e4f59629aec253d75,37508148,24409762,0,27966913,3253279,1558041,11860302,1
2025-08-27_00:42,268,0xdeaf42d4a2cc1dc14505ce4e4f59629aec253d75,37508148,24409762,0,27966913,3253279,1558041,11860302,1
2025-08-28_00:42,268,0xdeaf42d4a2cc1dc14505ce4e4f59629aec253d75,37508148,24409762,0,27966913,3253279,1558041,11860302,1
2025-08-29_00:42,268,0xdeaf42d4a2cc1dc14505ce4e4f59629aec253d75,37508148,24409762,0,27966913,3253279,1558041,11860302,1
2025-08-30_00:40,268,0xdeaf42d4a2cc1dc14505ce4e4f59629aec253d75,37508148,24409762,0,27966913,3253279,1558041,11860302,1
2025-08-31_00:46,268,0xdeaf42d4a2cc1dc14505ce4e4f59629aec253d75,37508148,24409762,0,27966913,3253279,1558041,11860302,1
2025-09-01_00:53,268,0xdeaf42d4a2cc1dc14505ce4e4f59629aec253d75,37508148,24409762,0,27966913,3253279,1558041,11860302,1
2025-09-02_00:43,268,0xdeaf42d4a2cc1dc14505ce4e4f59629aec253d75,37508148,24409762,0,27966913,3253279,1558041,11860302,1
2025-09-03_00:40,268,0xdeaf42d4a2cc1dc14505ce4e4f59629aec253d75,37508148,24409762,0,27966913,3253279,1558041,11860302,1
2025-09-04_00:40,229,0xdeaf42d4a2cc1dc14505ce4e4f59629aec253d75,37511443,24412106,0,27969257,3254014,1558193,11861877,1
2025-09-05_00:41,229,0xdeaf42d4a2cc1dc14505ce4e4f59629aec253d75,37511443,24412106,0,27969257,3254014,1558193,11861877,1
2025-09-06_00:40,229,0xdeaf42d4a2cc1dc14505ce4e4f59629aec253d75,37511443,24412106,0,27969257,3254014,1558193,11861877,1
2025-09-07_00:46,229,0xdeaf42d4a2cc1dc14505ce4e4f59629aec253d75,37511443,24412106,0,27969257,3254014,1558193,11861877,1
2025-09-08_00:44,229,0xdeaf42d4a2cc1dc14505ce4e4f59629aec253d75,37511443,24412106,0,27969257,3254014,1558193,11861877,1
2025-09-09_00:42,229,0xdeaf42d4a2cc1dc14505ce4e4f59629aec253d75,37511443,24412106,0,27969257,3254014,1558193,11861877,1
2025-09-10_00:41,229,0xdeaf42d4a2cc1dc14505ce4e4f59629aec253d75,37511443,24412106,0,27969257,3254014,1558193,11861877,1
2025-09-11_00:42,229,0xdeaf42d4a2cc1dc14505ce4e4f59629aec253d75,37511443,24412106,0,27969257,3254014,1558193,11861877,1
2025-09-12_00:40,229,0xdeaf42d4a2cc1dc14505ce4e4f59629aec253d75,37511443,24412106,0,27969257,3254014,1558193,11861877,1
2025-09-13_00:38,229,0xdeaf42d4a2cc1dc14505ce4e4f59629aec253d75,37511443,24412106,0,27969257,3254014,1558193,11861877,1
2025-09-14_00:45,229,0xdeaf42d4a2cc1dc14505ce4e4f59629aec253d75,37511443,24412106,0,27969257,3254014,1558193,11861877,1
2025-09-15_00:45,229,0xdeaf42d4a2cc1dc14505ce4e4f59629aec253d75,37511443,24412106,0,27969257,3254014,1558193,11861877,1
2025-09-16_00:40,229,0xdeaf42d4a2cc1dc14505ce4e4f59629aec253d75,37511443,24412106,0,27969257,3254014,1558193,11861877,1
2025-09-17_00:41,229,0xdeaf42d4a2cc1dc14505ce4e4f59629aec253d75,37511443,24412106,0,27969257,3254014,1558193,11861877,1
2025-09-18_00:40,229,0xdeaf42d4a2cc1dc14505ce4e4f59629aec253d75,37511443,24412106,0,27969257,3254014,1558193,11861877,1
2025-09-19_00:42,229,0xdeaf42d4a2cc1dc14505ce4e4f59629aec253d75,37511443,24412106,0,27969257,3254014,1558193,11861877,1
2025-09-20_00:39,229,0xdeaf42d4a2cc1dc14505ce4e4f59629aec253d75,37511443,24412106,0,27969257,3254014,1558193,11861877,1
2025-09-21_00:46,229,0xdeaf42d4a2cc1dc14505ce4e4f59629aec253d75,37511443,24412106,0,27969257,3254014,1558193,11861877,1
2025-09-22_00:46,229,0xdeaf42d4a2cc1dc14505ce4e4f59629aec253d75,37511443,24412106,0,27969257,3254014,1558193,11861877,1
2025-09-23_00:41,229,0xdeaf42d4a2cc1dc14505ce4e4f59629aec253d75,37511443,24412106,0,27969257,3254014,1558193,11861877,1
2025-09-24_00:42,229,0xdeaf42d4a2cc1dc14505ce4e4f59629aec253d75,37511443,24412106,0,27969257,3254014,1558193,11861877,1
2025-09-25_00:42,229,0xdeaf42d4a2cc1dc14505ce4e4f59629aec253d75,37511443,24412106,0,27969257,3254014,1558193,11861877,1
2025-09-26_00:41,229,0xdeaf42d4a2cc1dc14505ce4e4f59629aec253d75,37511443,24412106,0,27969257,3254014,1558193,11861877,1
2025-09-27_00:40,229,0xdeaf42d4a2cc1dc14505ce4e4f59629aec253d75,37511443,24412106,0,27969257,3254014,1558193,11861877,1
2025-09-28_00:47,229,0xdeaf42d4a2cc1dc14505ce4e4f59629aec253d75,37511443,24412106,0,27969257,3254014,1558193,11861877,1
2025-09-29_00:43,229,0xdeaf42d4a2cc1dc14505ce4e4f59629aec253d75,37511443,24412106,0,27969257,3254014,1558193,11861877,1
2025-09-30_00:42,229,0xdeaf42d4a2cc1dc14505ce4e4f59629aec253d75,37511443,24412106,0,27969257,3254014,1558193,11861877,1
2025-10-01_00:48,229,0xdeaf42d4a2cc1dc14505ce4e4f59629aec253d75,37511443,24412106,0,27969257,3254014,1558193,11861877,1
2025-10-02_00:40,229,0xdeaf42d4a2cc1dc14505ce4e4f59629aec253d75,37511443,24412106,0,27969257,3254014,1558193,11861877,1
2025-10-03_00:41,229,0xdeaf42d4a2cc1dc14505ce4e4f59629aec253d75,37511443,24412106,0,27969257,3254014,1558193,11861877,1
2025-10-04_00:39,229,0xdeaf42d4a2cc1dc14505ce4e4f59629aec253d75,37511443,24412106,0,27969257,3254014,1558193,11861877,1
2025-10-05_00:46,229,0xdeaf42d4a2cc1dc14505ce4e4f59629aec253d75,37511443,24412106,0,27969257,3254014,1558193,11861877,1
2025-10-06_00:43,229,0xdeaf42d4a2cc1dc14505ce4e4f59629aec253d75,37511443,24412106,0,27969257,3254014,1558193,11861877,1
2025-10-07_00:41,229,0xdeaf42d4a2cc1dc14505ce4e4f59629aec253d75,37511443,24412106,0,27969257,3254014,1558193,11861877,1
2025-10-08_00:41,229,0xdeaf42d4a2cc1dc14505ce4e4f59629aec253d75,37511443,24412106,0,27969257,3254014,1558193,11861877,1
2025-10-09_00:42,229,0xdeaf42d4a2cc1dc14505ce4e4f59629aec253d75,37511443,24412106,0,27969257,3254014,1558193,11861877,1
2025-10-10_00:41,229,0xdeaf42d4a2cc1dc14505ce4e4f59629aec253d75,37511443,24412106,0,27969257,3254014,1558193,11861877,1
2025-10-11_00:39,229,0xdeaf42d4a2cc1dc14505ce4e4f59629aec253d75,37511443,24412106,0,27969257,3254014,1558193,11861877,1
2025-10-12_00:44,229,0xdeaf42d4a2cc1dc14505ce4e4f59629aec253d75,37511443,24412106,0,27969257,3254014,1558193,11861877,1
2025-10-13_00:45,229,0xdeaf42d4a2cc1dc14505ce4e4f59629aec253d75,37511443,24412106,0,27969257,3254014,1558193,11861877,1
2025-10-14_00:42,229,0xdeaf42d4a2cc1dc14505ce4e4f59629aec253d75,37511443,24412106,0,27969257,3254014,1558193,11861877,1
2025-10-15_00:43,229,0xdeaf42d4a2cc1dc14505ce4e4f59629aec253d75,37511443,24412106,0,27969257,3254014,1558193,11861877,1
2025-10-16_00:43,229,0xdeaf42d4a2cc1dc14505ce4e4f59629aec253d75,37511443,24412106,0,27969257,3254014,1558193,11861877,1
2025-10-17_00:42,229,0xdeaf42d4a2cc1dc14505ce4e4f59629aec253d75,37511443,24412106,0,27969257,3254014,1558193,11861877,1
2025-10-18_00:39,229,0xdeaf42d4a2cc1dc14505ce4e4f59629aec253d75,37511443,24412106,0,27969257,3254014,1558193,11861877,1
2025-10-19_00:49,229,0xdeaf42d4a2cc1dc14505ce4e4f59629aec253d75,37511443,24412106,0,27969257,3254014,1558193,11861877,1
2025-10-20_00:46,229,0xdeaf42d4a2cc1dc14505ce4e4f59629aec253d75,37511443,24412106,0,27969257,3254014,1558193,11861877,1
2025-10-21_00:43,229,0xdeaf42d4a2cc1dc14505ce4e4f59629aec253d75,37511443,24412106,0,27969257,3254014,1558193,11861877,1
2025-10-22_00:44,229,0xdeaf42d4a2cc1dc14505ce4e4f59629aec253d75,37511443,24412106,0,27969257,3254014,1558193,11861877,1
2025-10-23_00:43,229,0xdeaf42d4a2cc1dc14505ce4e4f59629aec253d75,37511443,24412106,0,27969257,3254014,1558193,11861877,1
2025-10-24_00:40,229,0xdeaf42d4a2cc1dc14505ce4e4f59629aec253d75,37511443,24412106,0,27969257,3254014,1558193,11861877,1
2025-10-25_00:42,229,0xdeaf42d4a2cc1dc14505ce4e4f59629aec253d75,37511443,24412106,0,27969257,3254014,1558193,11861877,1
2025-10-26_00:47,229,0xdeaf42d4a2cc1dc14505ce4e4f59629aec253d75,37511443,24412106,0,27969257,3254014,1558193,11861877,1
2025-10-27_00:49,229,0xdeaf42d4a2cc1dc14505ce4e4f59629aec253d75,37511443,24412106,0,27969257,3254014,1558193,11861877,1
2025-10-28_00:42,229,0xdeaf42d4a2cc1dc14505ce4e4f59629aec253d75,37511443,24412106,0,27969257,3254014,1558193,11861877,1
2025-10-29_00:46,229,0xdeaf42d4a2cc1dc14505ce4e4f59629aec253d75,37511443,24412106,0,27969257,3254014,1558193,11861877,1
2025-10-30_00:45,229,0xdeaf42d4a2cc1dc14505ce4e4f59629aec253d75,37511443,24412106,0,27969257,3254014,1558193,11861877,1
2025-10-31_00:44,229,0xdeaf42d4a2cc1dc14505ce4e4f59629aec253d75,37511443,24412106,0,27969257,3254014,1558193,11861877,1
2025-11-01_00:47,229,0xdeaf42d4a2cc1dc14505ce4e4f59629aec253d75,37511443,24412106,0,27969257,3254014,1558193,11861877,1
2025-11-02_00:48,229,0xdeaf42d4a2cc1dc14505ce4e4f59629aec253d75,37511443,24412106,0,27969257,3254014,1558193,11861877,1
2025-11-03_00:47,229,0xdeaf42d4a2cc1dc14505ce4e4f59629aec253d75,37511443,24412106,0,27969257,3254014,1558193,11861877,1
2025-11-04_00:44,229,0xdeaf42d4a2cc1dc14505ce4e4f59629aec253d75,37511443,24412106,0,27969257,3254014,1558193,11861877,1
2025-11-05_00:46,229,0xdeaf42d4a2cc1dc14505ce4e4f59629aec253d75,37511443,24412106,0,27969257,3254014,1558193,11861877,1
2025-11-06_00:44,229,0xdeaf42d4a2cc1dc14505ce4e4f59629aec253d75,37511443,24412106,0,27969257,3254014,1558193,11861877,1
2025-11-07_00:45,229,0xdeaf42d4a2cc1dc14505ce4e4f59629aec253d75,37511443,24412106,0,27969257,3254014,1558193,11861877,1
2025-11-08_00:41,229,0xdeaf42d4a2cc1dc14505ce4e4f59629aec253d75,37511443,24412106,0,27969257,3254014,1558193,11861877,1
2025-11-09_00:48,229,0xdeaf42d4a2cc1dc14505ce4e4f59629aec253d75,37511443,24412106,0,27969257,3254014,1558193,11861877,1
2025-11-10_00:48,229,0xdeaf42d4a2cc1dc14505ce4e4f59629aec253d75,37511443,24412106,0,27969257,3254014,1558193,11861877,1
2025-11-11_00:46,229,0xdeaf42d4a2cc1dc14505ce4e4f59629aec253d75,37511443,24412106,0,27969257,3254014,1558193,11861877,1
2025-11-12_00:45,229,0xdeaf42d4a2cc1dc14505ce4e4f59629aec253d75,37511443,24412106,0,27969257,3254014,1558193,11861877,1
2025-11-13_00:45,229,0xdeaf42d4a2cc1dc14505ce4e4f59629aec253d75,37511443,24412106,0,27969257,3254014,1558193,11861877,1
2025-11-14_00:45,229,0xdeaf42d4a2cc1dc14505ce4e4f59629aec253d75,37511443,24412106,0,27969257,3254014,1558193,11861877,1
2025-11-15_00:44,229,0xdeaf42d4a2cc1dc14505ce4e4f59629aec253d75,37511443,24412106,0,27969257,3254014,1558193,11861877,1
2025-11-16_00:50,229,0xdeaf42d4a2cc1dc14505ce4e4f59629aec253d75,37511443,24412106,0,27969257,3254014,1558193,11861877,1
2025-11-17_00:47,229,0xdeaf42d4a2cc1dc14505ce4e4f59629aec253d75,37511443,24412106,0,27969257,3254014,1558193,11861877,1
2025-11-18_00:44,229,0xdeaf42d4a2cc1dc14505ce4e4f59629aec253d75,37511443,24412106,0,27969257,3254014,1558193,11861877,1
2025-11-19_00:45,229,0xdeaf42d4a2cc1dc14505ce4e4f59629aec253d75,37511443,24412106,0,27969257,3254014,1558193,11861877,1
2025-11-20_00:44,229,0xdeaf42d4a2cc1dc14505ce4e4f59629aec253d75,37511443,24412106,0,27969257,3254014,1558193,11861877,1
2025-11-21_00:44,229,0xdeaf42d4a2cc1dc14505ce4e4f59629aec253d75,37511443,24412106,0,27969257,3254014,1558193,11861877,1
2025-11-22_00:43,229,0xdeaf42d4a2cc1dc14505ce4e4f59629aec253d75,37511443,24412106,0,27969257,3254014,1558193,11861877,1
2025-11-23_00:53,229,0xdeaf42d4a2cc1dc14505ce4e4f59629aec253d75,37511443,24412106,0,27969257,3254014,1558193,11861877,1
2025-11-24_00:50,229,0xdeaf42d4a2cc1dc14505ce4e4f59629aec253d75,37511443,24412106,0,27969257,3254014,1558193,11861877,1
2025-11-25_00:44,229,0xdeaf42d4a2cc1dc14505ce4e4f59629aec253d75,37511443,24412106,0,27969257,3254014,1558193,11861877,1
2025-11-26_00:45,229,0xdeaf42d4a2cc1dc14505ce4e4f59629aec253d75,37511443,24412106,0,27969257,3254014,1558193,11861877,1
2025-11-27_00:44,229,0xdeaf42d4a2cc1dc14505ce4e4f59629aec253d75,37511443,24412106,0,27969257,3254014,1558193,11861877,1
2025-11-28_00:43,229,0xdeaf42d4a2cc1dc14505ce4e4f59629aec253d75,37511443,24412106,0,27969257,3254014,1558193,11861877,1
2025-11-29_00:44,229,0xdeaf42d4a2cc1dc14505ce4e4f59629aec253d75,37511443,24412106,0,27969257,3254014,1558193,11861877,1
2025-11-30_00:53,229,0xdeaf42d4a2cc1dc14505ce4e4f59629aec253d75,37511443,24412106,0,27969257,3254014,1558193,11861877,1
2025-12-01_00:57,229,0xdeaf42d4a2cc1dc14505ce4e4f59629aec253d75,37511443,24412106,0,27969257,3254014,1558193,11861877,1
2025-12-02_00:46,229,0xdeaf42d4a2cc1dc14505ce4e4f59629aec253d75,37511443,24412106,0,27969257,3254014,1558193,11861877,1
2025-12-03_00:46,229,0xdeaf42d4a2cc1dc14505ce4e4f59629aec253d75,37511443,24412106,0,27969257,3254014,1558193,11861877,1
2025-12-04_00:46,229,0xdeaf42d4a2cc1dc14505ce4e4f59629aec253d75,37511443,24412106,0,27969257,3254014,1558193,11861877,1
2025-12-05_00:47,229,0xdeaf42d4a2cc1dc14505ce4e4f59629aec253d75,37511443,24412106,0,27969257,3254014,1558193,11861877,1
2025-12-06_00:44,229,0xdeaf42d4a2cc1dc14505ce4e4f59629aec253d75,37511443,24412106,0,27969257,3254014,1558193,11861877,1
2025-12-07_00:52,229,0xdeaf42d4a2cc1dc14505ce4e4f59629aec253d75,37511443,24412106,0,27969257,3254014,1558193,11861877,1
2025-12-08_00:48,229,0xdeaf42d4a2cc1dc14505ce4e4f59629aec253d75,37511443,24412106,0,27969257,3254014,1558193,11861877,1
2025-12-09_00:47,229,0xdeaf42d4a2cc1dc14505ce4e4f59629aec253d75,37511443,24412106,0,27969257,3254014,1558193,11861877,1
2025-12-10_00:49,229,0xdeaf42d4a2cc1dc14505ce4e4f59629aec253d75,37511443,24412106,0,27969257,3254014,1558193,11861877,1
2025-12-11_00:49,229,0xdeaf42d4a2cc1dc14505ce4e4f59629aec253d75,37511443,24412106,0,27969257,3254014,1558193,11861877,1
2025-12-12_00:48,229,0xdeaf42d4a2cc1dc14505ce4e4f59629aec253d75,37511443,24412106,0,27969257,3254014,1558193,11861877,1
2025-12-13_00:45,229,0xdeaf42d4a2cc1dc14505ce4e4f59629aec253d75,37511443,24412106,0,27969257,3254014,1558193,11861877,1
2025-12-14_00:53,229,0xdeaf42d4a2cc1dc14505ce4e4f59629aec253d75,37511443,24412106,0,27969257,3254014,1558193,11861877,1
2025-12-15_00:52,229,0xdeaf42d4a2cc1dc14505ce4e4f59629aec253d75,37511443,24412106,0,27969257,3254014,1558193,11861877,1
2025-12-16_00:50,229,0xdeaf42d4a2cc1dc14505ce4e4f59629aec253d75,37511443,24412106,0,27969257,3254014,1558193,11861877,1
2025-12-17_00:44,229,0xdeaf42d4a2cc1dc14505ce4e4f59629aec253d75,37511443,24412106,0,27969257,3254014,1558193,11861877,1
2025-12-18_00:44,229,0xdeaf42d4a2cc1dc14505ce4e4f59629aec253d75,37511443,24412106,0,27969257,3254014,1558193,11861877,1
2025-12-19_00:49,229,0xdeaf42d4a2cc1dc14505ce4e4f59629aec253d75,37511443,24412106,0,27969257,3254014,1558193,11861877,1
2025-12-20_00:45,229,0xdeaf42d4a2cc1dc14505ce4e4f59629aec253d75,37511443,24412106,0,27969257,3254014,1558193,11861877,1
2025-12-21_00:53,229,0xdeaf42d4a2cc1dc14505ce4e4f59629aec253d75,37511443,24412106,0,27969257,3254014,1558193,11861877,1
2025-12-22_00:52,229,0xdeaf42d4a2cc1dc14505ce4e4f59629aec253d75,37511443,24412106,0,27969257,3254014,1558193,11861877,1
2025-12-23_00:49,229,0xdeaf42d4a2cc1dc14505ce4e4f59629aec253d75,37511443,24412106,0,27969257,3254014,1558193,11861877,1
2025-12-24_00:49,229,0xdeaf42d4a2cc1dc14505ce4e4f59629aec253d75,37511443,24412106,0,27969257,3254014,1558193,11861877,1
2025-12-25_00:48,229,0xdeaf42d4a2cc1dc14505ce4e4f59629aec253d75,37511443,24412106,0,27969257,3254014,1558193,11861877,1
2025-12-26_00:49,229,0xdeaf42d4a2cc1dc14505ce4e4f59629aec253d75,37511443,24412106,0,27969257,3254014,1558193,11861877,1
2025-12-27_00:47,229,0xdeaf42d4a2cc1dc14505ce4e4f59629aec253d75,37511443,24412106,0,27969257,3254014,1558193,11861877,1
2025-12-28_00:56,229,0xdeaf42d4a2cc1dc14505ce4e4f59629aec253d75,37511443,24412106,0,27969257,3254014,1558193,11861877,1
2025-12-29_00:54,229,0xdeaf42d4a2cc1dc14505ce4e4f59629aec253d75,37511443,24412106,0,27969257,3254014,1558193,11861877,1
2025-12-30_00:49,229,0xdeaf42d4a2cc1dc14505ce4e4f59629aec253d75,37511443,24412106,0,27969257,3254014,1558193,11861877,1
2025-12-31_00:51,229,0xdeaf42d4a2cc1dc14505ce4e4f59629aec253d75,37511443,24412106,0,27969257,3254014,1558193,11861877,1
2026-01-01_00:56,229,0xdeaf42d4a2cc1dc14505ce4e4f59629aec253d75,37511443,24412106,0,27969257,3254014,1558193,11861877,1
2026-01-02_00:51,229,0xdeaf42d4a2cc1dc14505ce4e4f59629aec253d75,37511443,24412106,0,27969257,3254014,1558193,11861877,1
2026-01-03_00:46,229,0xdeaf42d4a2cc1dc14505ce4e4f59629aec253d75,37511443,24412106,0,27969257,3254014,1558193,11861877,1
2026-01-04_00:56,229,0xdeaf42d4a2cc1dc14505ce4e4f59629aec253d75,37511443,24412106,0,27969257,3254014,1558193,11861877,1
2026-01-05_00:55,229,0xdeaf42d4a2cc1dc14505ce4e4f59629aec253d75,37511443,24412106,0,27969257,3254014,1558193,11861877,1
2026-01-06_00:51,229,0xdeaf42d4a2cc1dc14505ce4e4f59629aec253d75,37511443,24412106,0,27969257,3254014,1558193,11861877,1
